zip,city,county,population
6390,Fishers Island,Suffolk,61
10001,New York City,New York,25026
10002,New York City,New York,74363
10003,New York City,New York,54671
10004,New York City,New York,3310
10005,New York City,New York,8664
10006,New York City,New York,3260
10007,New York City,New York,7566
10009,New York City,New York,58267
10010,New York City,New York,34763
10011,New York City,New York,50228
10012,New York City,New York,23034
10013,New York City,New York,28657
10014,New York City,New York,29071
10016,New York City,New York,52912
10017,New York City,New York,16065
10018,New York City,New York,8135
10019,New York City,New York,45521
10020,New York City,New York,0
10021,New York City,New York,42253
10022,New York City,New York,31574
10023,New York City,New York,62228
10024,New York City,New York,60714
10025,New York City,New York,92162
10026,New York City,New York,38937
10027,New York City,New York,64728
10028,New York City,New York,47962
10029,New York City,New York,74617
10030,New York City,New York,30996
10031,New York City,New York,60280
10032,New York City,New York,59527
10033,New York City,New York,58648
10034,New York City,New York,41933
10035,New York City,New York,36999
10036,New York City,New York,28231
10037,New York City,New York,19177
10038,New York City,New York,24205
10039,New York City,New York,27090
10040,New York City,New York,45197
10044,New York City,New York,12770
10069,New York City,New York,6504
10103,New York City,New York,0
10110,New York City,New York,0
10111,New York City,New York,0
10112,New York City,New York,0
10115,New York City,New York,0
10119,New York City,New York,0
10128,New York City,New York,57993
10152,New York City,New York,0
10153,New York City,New York,0
10154,New York City,New York,0
10162,New York City,New York,1240
10165,New York City,New York,0
10167,New York City,New York,0
10168,New York City,New York,0
10169,New York City,New York,0
10170,New York City,New York,0
10171,New York City,New York,0
10172,New York City,New York,0
10173,New York City,New York,0
10174,New York City,New York,0
10177,New York City,New York,0
10199,New York City,New York,0
10271,New York City,New York,0
10278,New York City,New York,0
10279,New York City,New York,96
10280,New York City,New York,9372
10282,New York City,New York,6086
10301,Staten Island,Richmond,38001
10302,Staten Island,Richmond,17942
10303,Staten Island,Richmond,27164
10304,Staten Island,Richmond,42133
10305,Staten Island,Richmond,42968
10306,Staten Island,Richmond,54318
10307,Staten Island,Richmond,15053
10308,Staten Island,Richmond,28901
10309,Staten Island,Richmond,33896
10310,Staten Island,Richmond,24168
10311,Staten Island,Richmond,0
10312,Staten Island,Richmond,61114
10314,Staten Island,Richmond,89938
10451,Bronx,Bronx,49423
10452,Bronx,Bronx,74379
10453,Bronx,Bronx,78858
10454,Bronx,Bronx,37807
10455,Bronx,Bronx,40300
10456,Bronx,Bronx,90479
10457,Bronx,Bronx,74679
10458,Bronx,Bronx,85893
10459,Bronx,Bronx,48391
10460,Bronx,Bronx,57514
10461,Bronx,Bronx,51081
10462,Bronx,Bronx,75441
10463,Bronx,Bronx,70236
10464,Bronx,Bronx,4322
10465,Bronx,Bronx,45066
10466,Bronx,Bronx,74519
10467,Bronx,Bronx,100867
10468,Bronx,Bronx,78778
10469,Bronx,Bronx,72550
10470,Bronx,Bronx,15500
10471,Bronx,Bronx,22577
10472,Bronx,Bronx,67989
10473,Bronx,Bronx,59627
10474,Bronx,Bronx,11579
10475,Bronx,Bronx,43791
10501,Amawalk,Westchester,1237
10502,Ardsley,Westchester,5351
10503,Ardsley On Hudson,Westchester,106
10504,Armonk,Westchester,8053
10505,Baldwin Place,Westchester,1336
10506,Bedford,Westchester,5555
10507,Bedford Hills,Westchester,7152
10509,Brewster,Putnam,20230
10510,Briarcliff Manor,Westchester,10300
10511,Buchanan,Westchester,2300
10512,Carmel,Putnam,24619
10514,Chappaqua,Westchester,12543
10516,Cold Spring,Putnam,5449
10517,Crompond,Westchester,497
10518,Cross River,Westchester,1041
10519,Croton Falls,Westchester,305
10520,Croton On Hudson,Westchester,12885
10522,Dobbs Ferry,Westchester,11052
10523,Elmsford,Westchester,9415
10524,Garrison,Putnam,4317
10526,Goldens Bridge,Westchester,1860
10527,Granite Springs,Westchester,829
10528,Harrison,Westchester,13395
10530,Hartsdale,Westchester,12925
10532,Hawthorne,Westchester,4739
10533,Irvington,Westchester,7463
10535,Jefferson Valley,Westchester,254
10536,Katonah,Westchester,11002
10537,Lake Peekskill,Putnam,2769
10538,Larchmont,Westchester,16151
10541,Mahopac,Putnam,26678
10543,Mamaroneck,Westchester,20999
10545,Maryknoll,Westchester,115
10546,Millwood,Westchester,1085
10547,Mohegan Lake,Westchester,8034
10548,Montrose,Westchester,4087
10549,Mount Kisco,Westchester,16121
10550,Mount Vernon,Westchester,36382
10552,Mount Vernon,Westchester,21342
10553,Mount Vernon,Westchester,9747
10560,North Salem,Westchester,4814
10562,Ossining,Westchester,31847
10566,Peekskill,Westchester,24111
10567,Cortlandt Manor,Westchester,20094
10570,Pleasantville,Westchester,12780
10573,Port Chester,Westchester,38749
10576,Pound Ridge,Westchester,5036
10577,Purchase,Westchester,6387
10578,Purdys,Westchester,1386
10579,Putnam Valley,Putnam,8250
10580,Rye,Westchester,17185
10583,Scarsdale,Westchester,41087
10588,Shrub Oak,Westchester,3102
10589,Somers,Westchester,8080
10590,South Salem,Westchester,7208
10591,Tarrytown,Westchester,23059
10594,Thornwood,Westchester,5587
10595,Valhalla,Westchester,8439
10596,Verplanck,Westchester,1051
10597,Waccabuc,Westchester,699
10598,Yorktown Heights,Westchester,28708
10601,White Plains,Westchester,10256
10603,White Plains,Westchester,18862
10604,West Harrison,Westchester,11132
10605,White Plains,Westchester,19849
10606,White Plains,Westchester,16199
10607,White Plains,Westchester,7162
10701,Yonkers,Westchester,61367
10703,Yonkers,Westchester,22636
10704,Yonkers,Westchester,31110
10705,Yonkers,Westchester,39848
10706,Hastings On Hudson,Westchester,8622
10707,Tuckahoe,Westchester,9713
10708,Bronxville,Westchester,22212
10709,Eastchester,Westchester,9369
10710,Yonkers,Westchester,25104
10801,New Rochelle,Westchester,40445
10803,Pelham,Westchester,12492
10804,New Rochelle,Westchester,14365
10805,New Rochelle,Westchester,21331
10901,Suffern,Rockland,23860
10910,Arden,Orange,0
10911,Bear Mountain,Rockland,0
10913,Blauvelt,Rockland,5294
10914,Blooming Grove,Orange,391
10915,Bullville,Orange,79
10916,Campbell Hall,Orange,4582
10917,Central Valley,Orange,1650
10918,Chester,Orange,12286
10919,Circleville,Orange,1286
10920,Congers,Rockland,8919
10921,Florida,Orange,3812
10922,Fort Montgomery,Orange,1778
10923,Garnerville,Rockland,7753
10924,Goshen,Orange,13538
10925,Greenwood Lake,Orange,3886
10926,Harriman,Orange,3482
10927,Haverstraw,Rockland,12076
10928,Highland Falls,Orange,4132
10930,Highland Mills,Orange,9789
10931,Hillburn,Rockland,1031
10932,Howells,Orange,47
10933,Johnson,Orange,417
10940,Middletown,Orange,49430
10941,Middletown,Orange,13384
10950,Monroe,Orange,53013
10952,Monsey,Rockland,43374
10953,Mountainville,Orange,112
10954,Nanuet,Rockland,25870
10956,New City,Rockland,30697
10958,New Hampton,Orange,3236
10960,Nyack,Rockland,15757
10962,Orangeburg,Rockland,5927
10963,Otisville,Orange,4367
10964,Palisades,Rockland,1506
10965,Pearl River,Rockland,15493
10968,Piermont,Rockland,2466
10969,Pine Island,Orange,1098
10970,Pomona,Rockland,10433
10973,Slate Hill,Orange,2510
10974,Sloatsburg,Rockland,3189
10975,Southfields,Orange,91
10976,Sparkill,Rockland,2300
10977,Spring Valley,Rockland,64677
10979,Sterling Forest,Orange,36
10980,Stony Point,Rockland,13923
10983,Tappan,Rockland,5597
10984,Thiells,Rockland,2661
10985,Thompson Ridge,Orange,149
10986,Tomkins Cove,Rockland,1836
10987,Tuxedo Park,Orange,3499
10988,Unionville,Orange,596
10989,Valley Cottage,Rockland,8415
10990,Warwick,Orange,20735
10992,Washingtonville,Orange,8830
10993,West Haverstraw,Rockland,5044
10994,West Nyack,Rockland,7115
10996,West Point,Orange,6342
10998,Westtown,Orange,3428
11001,Floral Park,Nassau,26542
11003,Elmont,Nassau,44712
11004,Glen Oaks,Queens,15297
11005,Floral Park,Queens,2249
11010,Franklin Square,Nassau,25318
11020,Great Neck,Nassau,6325
11021,Great Neck,Nassau,18181
11023,Great Neck,Nassau,9479
11024,Great Neck,Nassau,7869
11030,Manhasset,Nassau,18450
11040,New Hyde Park,Nassau,41523
11042,New Hyde Park,Nassau,475
11050,Port Washington,Nassau,30699
11096,Inwood,Nassau,8155
11101,Long Island City,Queens,32537
11102,Astoria,Queens,28359
11103,Astoria,Queens,35419
11104,Sunnyside,Queens,25037
11105,Astoria,Queens,37452
11106,Astoria,Queens,37094
11109,Long Island City,Queens,6127
11201,Brooklyn,Kings,64798
11203,Brooklyn,Kings,77589
11204,Brooklyn,Kings,75840
11205,Brooklyn,Kings,47866
11206,Brooklyn,Kings,87599
11207,Brooklyn,Kings,90867
11208,Brooklyn,Kings,102626
11209,Brooklyn,Kings,68368
11210,Brooklyn,Kings,62423
11211,Brooklyn,Kings,104561
11212,Brooklyn,Kings,74037
11213,Brooklyn,Kings,67382
11214,Brooklyn,Kings,90372
11215,Brooklyn,Kings,69995
11216,Brooklyn,Kings,59567
11217,Brooklyn,Kings,42461
11218,Brooklyn,Kings,73280
11219,Brooklyn,Kings,87812
11220,Brooklyn,Kings,90657
11221,Brooklyn,Kings,85582
11222,Brooklyn,Kings,36710
11223,Brooklyn,Kings,80500
11224,Brooklyn,Kings,45587
11225,Brooklyn,Kings,56072
11226,Brooklyn,Kings,96332
11228,Brooklyn,Kings,43878
11229,Brooklyn,Kings,81909
11230,Brooklyn,Kings,87188
11231,Brooklyn,Kings,37796
11232,Brooklyn,Kings,26501
11233,Brooklyn,Kings,79796
11234,Brooklyn,Kings,90372
11235,Brooklyn,Kings,76921
11236,Brooklyn,Kings,98821
11237,Brooklyn,Kings,46772
11238,Brooklyn,Kings,55102
11239,Brooklyn,Kings,12832
11351,Flushing,Queens,0
11354,Flushing,Queens,52351
11355,Flushing,Queens,81358
11356,College Point,Queens,24178
11357,Whitestone,Queens,40118
11358,Flushing,Queens,36665
11359,Bayside,Queens,0
11360,Bayside,Queens,18892
11361,Bayside,Queens,28531
11362,Little Neck,Queens,18694
11363,Little Neck,Queens,6834
11364,Oakland Gardens,Queens,35866
11365,Fresh Meadows,Queens,43730
11366,Fresh Meadows,Queens,14109
11367,Flushing,Queens,40141
11368,Corona,Queens,108661
11369,East Elmhurst,Queens,30693
11370,East Elmhurst,Queens,29366
11371,Flushing,Queens,0
11372,Jackson Heights,Queens,63107
11373,Elmhurst,Queens,96495
11374,Rego Park,Queens,43173
11375,Forest Hills,Queens,72615
11377,Woodside,Queens,82021
11378,Maspeth,Queens,39033
11379,Middle Village,Queens,37780
11385,Ridgewood,Queens,105025
11411,Cambria Heights,Queens,20473
11412,Saint Albans,Queens,37987
11413,Springfield Gardens,Queens,41810
11414,Howard Beach,Queens,27672
11415,Kew Gardens,Queens,18464
11416,Ozone Park,Queens,26087
11417,Ozone Park,Queens,31156
11418,Richmond Hill,Queens,37666
11419,South Richmond Hill,Queens,47955
11420,South Ozone Park,Queens,47266
11421,Woodhaven,Queens,39654
11422,Rosedale,Queens,32786
11423,Hollis,Queens,29532
11424,Jamaica,Queens,40
11425,Jamaica,Queens,0
11426,Bellerose,Queens,20222
11427,Queens Village,Queens,25096
11428,Queens Village,Queens,19830
11429,Queens Village,Queens,27808
11430,Jamaica,Queens,220
11432,Jamaica,Queens,64282
11433,Jamaica,Queens,36929
11434,Jamaica,Queens,62590
11435,Jamaica,Queens,59392
11436,Jamaica,Queens,18955
11451,Jamaica,Queens,0
11501,Mineola,Nassau,19675
11507,Albertson,Nassau,7051
11509,Atlantic Beach,Nassau,1790
11510,Baldwin,Nassau,33949
11514,Carle Place,Nassau,4644
11516,Cedarhurst,Nassau,7476
11518,East Rockaway,Nassau,9819
11520,Freeport,Nassau,43451
11530,Garden City,Nassau,27669
11542,Glen Cove,Nassau,27666
11545,Glen Head,Nassau,12686
11547,Glenwood Landing,Nassau,625
11548,Greenvale,Nassau,2491
11549,Hempstead,Nassau,2728
11550,Hempstead,Nassau,57073
11552,West Hempstead,Nassau,25169
11553,Uniondale,Nassau,26938
11554,East Meadow,Nassau,37992
11556,Uniondale,Nassau,0
11557,Hewlett,Nassau,7950
11558,Island Park,Nassau,8435
11559,Lawrence,Nassau,8265
11560,Locust Valley,Nassau,6850
11561,Long Beach,Nassau,37759
11563,Lynbrook,Nassau,21537
11565,Malverne,Nassau,8921
11566,Merrick,Nassau,33626
11568,Old Westbury,Nassau,4470
11569,Point Lookout,Nassau,1175
11570,Rockville Centre,Nassau,27240
11572,Oceanside,Nassau,28673
11575,Roosevelt,Nassau,16799
11576,Roslyn,Nassau,12606
11577,Roslyn Heights,Nassau,12120
11579,Sea Cliff,Nassau,5183
11580,Valley Stream,Nassau,41930
11581,Valley Stream,Nassau,21847
11590,Westbury,Nassau,47468
11596,Williston Park,Nassau,10276
11598,Woodmere,Nassau,13977
11691,Far Rockaway,Queens,68454
11692,Arverne,Queens,22394
11693,Far Rockaway,Queens,13029
11694,Rockaway Park,Queens,21258
11697,Breezy Point,Queens,3527
11701,Amityville,Suffolk,27264
11702,Babylon,Suffolk,13963
11703,North Babylon,Suffolk,16820
11704,West Babylon,Suffolk,39960
11705,Bayport,Suffolk,8033
11706,Bay Shore,Suffolk,67484
11709,Bayville,Nassau,6720
11710,Bellmore,Nassau,35473
11713,Bellport,Suffolk,8247
11714,Bethpage,Nassau,22769
11715,Blue Point,Suffolk,4287
11716,Bohemia,Suffolk,9748
11717,Brentwood,Suffolk,62888
11718,Brightwaters,Suffolk,3070
11719,Brookhaven,Suffolk,3209
11720,Centereach,Suffolk,28773
11721,Centerport,Suffolk,6258
11722,Central Islip,Suffolk,34139
11724,Cold Spring Harbor,Suffolk,3089
11725,Commack,Suffolk,29229
11726,Copiague,Suffolk,21012
11727,Coram,Suffolk,29262
11729,Deer Park,Suffolk,25597
11730,East Islip,Suffolk,13335
11731,East Northport,Suffolk,30951
11732,East Norwich,Nassau,3505
11733,East Setauket,Suffolk,17000
11735,Farmingdale,Nassau,33299
11738,Farmingville,Suffolk,19364
11739,Great River,Suffolk,1307
11740,Greenlawn,Suffolk,9321
11741,Holbrook,Suffolk,26245
11742,Holtsville,Suffolk,11968
11743,Huntington,Suffolk,42636
11746,Huntington Station,Suffolk,66518
11747,Melville,Suffolk,18795
11749,Islandia,Suffolk,3315
11751,Islip,Suffolk,13399
11752,Islip Terrace,Suffolk,8821
11753,Jericho,Nassau,13092
11754,Kings Park,Suffolk,17861
11755,Lake Grove,Suffolk,12514
11756,Levittown,Nassau,42856
11757,Lindenhurst,Suffolk,44130
11758,Massapequa,Nassau,53034
11762,Massapequa Park,Nassau,22263
11763,Medford,Suffolk,28769
11764,Miller Place,Suffolk,13633
11765,Mill Neck,Nassau,871
11766,Mount Sinai,Suffolk,11018
11767,Nesconset,Suffolk,15051
11768,Northport,Suffolk,20903
11769,Oakdale,Suffolk,8299
11770,Ocean Beach,Suffolk,65
11771,Oyster Bay,Nassau,9517
11772,Patchogue,Suffolk,46311
11776,Port Jefferson Station,Suffolk,23578
11777,Port Jefferson,Suffolk,9156
11778,Rocky Point,Suffolk,11855
11779,Ronkonkoma,Suffolk,38091
11780,Saint James,Suffolk,15934
11782,Sayville,Suffolk,15057
11783,Seaford,Nassau,21285
11784,Selden,Suffolk,25014
11786,Shoreham,Suffolk,6225
11787,Smithtown,Suffolk,33837
11788,Hauppauge,Suffolk,16693
11789,Sound Beach,Suffolk,7496
11790,Stony Brook,Suffolk,16099
11791,Syosset,Nassau,25776
11792,Wading River,Suffolk,8413
11793,Wantagh,Nassau,30601
11794,Stony Brook,Suffolk,3363
11795,West Islip,Suffolk,25062
11796,West Sayville,Suffolk,4112
11797,Woodbury,Nassau,8998
11798,Wyandanch,Suffolk,15636
11801,Hicksville,Nassau,40179
11803,Plainview,Nassau,29208
11804,Old Bethpage,Nassau,4639
11901,Riverhead,Suffolk,28760
11930,Amagansett,Suffolk,618
11931,Aquebogue,Suffolk,84
11932,Bridgehampton,Suffolk,1099
11933,Calverton,Suffolk,6475
11934,Center Moriches,Suffolk,7357
11935,Cutchogue,Suffolk,3008
11937,East Hampton,Suffolk,16672
11939,East Marion,Suffolk,1144
11940,East Moriches,Suffolk,4963
11941,Eastport,Suffolk,1770
11942,East Quogue,Suffolk,5053
11944,Greenport,Suffolk,4144
11946,Hampton Bays,Suffolk,15058
11947,Jamesport,Suffolk,423
11948,Laurel,Suffolk,670
11949,Manorville,Suffolk,13457
11950,Mastic,Suffolk,16130
11951,Mastic Beach,Suffolk,14756
11952,Mattituck,Suffolk,5031
11953,Middle Island,Suffolk,14301
11954,Montauk,Suffolk,3563
11955,Moriches,Suffolk,3149
11956,New Suffolk,Suffolk,353
11957,Orient,Suffolk,1023
11958,Peconic,Suffolk,683
11959,Quogue,Suffolk,571
11960,Remsenburg,Suffolk,721
11961,Ridge,Suffolk,13701
11962,Sagaponack,Suffolk,296
11963,Sag Harbor,Suffolk,6966
11964,Shelter Island,Suffolk,2287
11965,Shelter Island Heights,Suffolk,456
11967,Shirley,Suffolk,29130
11968,Southampton,Suffolk,10778
11970,South Jamesport,Suffolk,391
11971,Southold,Suffolk,6073
11972,Speonk,Suffolk,983
11973,Upton,Suffolk,37
11975,Wainscott,Suffolk,170
11976,Water Mill,Suffolk,1847
11977,Westhampton,Suffolk,2629
11978,Westhampton Beach,Suffolk,2981
11980,Yaphank,Suffolk,5966
12007,Alcove,Albany,10
12008,Alplaus,Schenectady,542
12009,Altamont,Albany,7690
12010,Amsterdam,Montgomery,27556
12015,Athens,Greene,3347
12017,Austerlitz,Columbia,445
12018,Averill Park,Rensselaer,7112
12019,Ballston Lake,Saratoga,14244
12020,Ballston Spa,Saratoga,33235
12022,Berlin,Rensselaer,652
12023,Berne,Albany,2376
12024,Brainard,Rensselaer,0
12025,Broadalbin,Fulton,5331
12027,Burnt Hills,Saratoga,3996
12028,Buskirk,Rensselaer,707
12029,Canaan,Columbia,1082
12031,Carlisle,Schoharie,174
12032,Caroga Lake,Fulton,753
12033,Castleton On Hudson,Rensselaer,8152
12035,Central Bridge,Schoharie,579
12036,Charlotteville,Schoharie,252
12037,Chatham,Columbia,4489
12040,Cherry Plain,Rensselaer,87
12041,Clarksville,Albany,681
12042,Climax,Greene,233
12043,Cobleskill,Schoharie,8202
12045,Coeymans,Albany,449
12046,Coeymans Hollow,Albany,1103
12047,Cohoes,Albany,21453
12051,Coxsackie,Greene,6769
12052,Cropseyville,Rensselaer,1921
12053,Delanson,Schenectady,4611
12054,Delmar,Albany,16948
12056,Duanesburg,Schenectady,2543
12057,Eagle Bridge,Washington,2176
12058,Earlton,Greene,971
12059,East Berne,Albany,1719
12060,East Chatham,Columbia,1687
12061,East Greenbush,Rensselaer,9725
12062,East Nassau,Rensselaer,1601
12063,East Schodack,Rensselaer,770
12064,East Worcester,Otsego,307
12065,Clifton Park,Saratoga,42432
12066,Esperance,Montgomery,1837
12067,Feura Bush,Albany,1554
12068,Fonda,Montgomery,3029
12069,Fort Hunter,Montgomery,294
12070,Fort Johnson,Montgomery,1974
12071,Fultonham,Schoharie,319
12072,Fultonville,Montgomery,3065
12074,Galway,Saratoga,2957
12075,Ghent,Columbia,2530
12076,Gilboa,Schoharie,1188
12077,Glenmont,Albany,6488
12078,Gloversville,Fulton,22956
12083,Greenville,Greene,3830
12084,Guilderland,Albany,4806
12085,Guilderland Center,Albany,430
12086,Hagaman,Montgomery,1379
12087,Hannacroix,Greene,1069
12089,Hoosick,Rensselaer,61
12090,Hoosick Falls,Rensselaer,5931
12092,Howes Cave,Schoharie,1008
12093,Jefferson,Schoharie,1602
12094,Johnsonville,Rensselaer,2260
12095,Johnstown,Fulton,11986
12106,Kinderhook,Columbia,2299
12108,Lake Pleasant,Hamilton,354
12110,Latham,Albany,21223
12115,Malden Bridge,Columbia,59
12116,Maryland,Otsego,1506
12117,Mayfield,Fulton,3163
12118,Mechanicville,Saratoga,16467
12120,Medusa,Albany,733
12121,Melrose,Rensselaer,2110
12122,Middleburgh,Schoharie,4137
12123,Nassau,Rensselaer,5120
12124,New Baltimore,Greene,545
12125,New Lebanon,Columbia,1084
12130,Niverville,Columbia,892
12131,North Blenheim,Schoharie,98
12132,North Chatham,Columbia,352
12134,Northville,Fulton,4232
12136,Old Chatham,Columbia,658
12137,Pattersonville,Schenectady,1993
12138,Petersburg,Rensselaer,3156
12139,Piseco,Hamilton,142
12140,Poestenkill,Rensselaer,1681
12143,Ravena,Albany,5032
12144,Rensselaer,Rensselaer,20604
12147,Rensselaerville,Albany,495
12148,Rexford,Saratoga,4143
12149,Richmondville,Schoharie,2358
12150,Rotterdam Junction,Schenectady,849
12151,Round Lake,Saratoga,1302
12153,Sand Lake,Rensselaer,809
12154,Schaghticoke,Rensselaer,3249
12155,Schenevus,Otsego,1979
12156,Schodack Landing,Rensselaer,752
12157,Schoharie,Schoharie,4597
12158,Selkirk,Albany,6550
12159,Slingerlands,Albany,7971
12160,Sloansville,Schoharie,841
12161,South Bethlehem,Albany,183
12164,Speculator,Hamilton,402
12165,Spencertown,Columbia,200
12166,Sprakers,Montgomery,1145
12167,Stamford,Delaware,2663
12168,Stephentown,Rensselaer,1993
12169,Stephentown,Rensselaer,353
12170,Stillwater,Saratoga,5034
12172,Stottville,Columbia,187
12173,Stuyvesant,Columbia,2139
12174,Stuyvesant Falls,Columbia,526
12175,Summit,Schoharie,639
12176,Surprise,Greene,373
12177,Tribes Hill,Montgomery,547
12180,Troy,Rensselaer,53181
12182,Troy,Rensselaer,13886
12183,Troy,Albany,2647
12184,Valatie,Columbia,6762
12185,Valley Falls,Rensselaer,2007
12186,Voorheesville,Albany,6190
12187,Warnerville,Schoharie,519
12188,Waterford,Saratoga,11774
12189,Watervliet,Albany,17945
12190,Wells,Hamilton,687
12192,West Coxsackie,Greene,1778
12193,Westerlo,Albany,1888
12194,West Fulton,Schoharie,122
12195,West Lebanon,Columbia,245
12196,West Sand Lake,Rensselaer,4072
12197,Worcester,Otsego,2139
12198,Wynantskill,Rensselaer,7119
12202,Albany,Albany,7753
12203,Albany,Albany,30837
12204,Albany,Albany,7497
12205,Albany,Albany,26039
12206,Albany,Albany,15537
12207,Albany,Albany,2264
12208,Albany,Albany,20517
12209,Albany,Albany,10237
12210,Albany,Albany,11057
12211,Albany,Albany,11227
12222,Albany,Albany,6151
12302,Schenectady,Schenectady,27665
12303,Schenectady,Schenectady,29416
12304,Schenectady,Schenectady,20929
12305,Schenectady,Schenectady,6246
12306,Schenectady,Schenectady,26934
12307,Schenectady,Schenectady,7219
12308,Schenectady,Schenectady,14038
12309,Schenectady,Schenectady,30992
12401,Kingston,Ulster,34800
12404,Accord,Ulster,3679
12405,Acra,Greene,579
12406,Arkville,Delaware,695
12407,Ashland,Greene,129
12409,Bearsville,Ulster,723
12410,Big Indian,Ulster,366
12411,Bloomington,Ulster,349
12412,Boiceville,Ulster,460
12413,Cairo,Greene,3290
12414,Catskill,Greene,9726
12416,Chichester,Ulster,439
12417,Connelly,Ulster,559
12418,Cornwallville,Greene,313
12419,Cottekill,Ulster,495
12420,Cragsmoor,Ulster,436
12421,Denver,Delaware,207
12422,Durham,Greene,272
12423,East Durham,Greene,1320
12424,East Jewett,Greene,185
12427,Elka Park,Greene,962
12428,Ellenville,Ulster,6535
12429,Esopus,Ulster,314
12430,Fleischmanns,Delaware,1570
12431,Freehold,Greene,1125
12432,Glasco,Ulster,514
12433,Glenford,Ulster,483
12434,Grand Gorge,Delaware,813
12435,Greenfield Park,Ulster,144
12436,Haines Falls,Greene,182
12438,Halcottsville,Delaware,0
12439,Hensonville,Greene,380
12440,High Falls,Ulster,1449
12441,Highmount,Ulster,125
12442,Hunter,Greene,901
12443,Hurley,Ulster,3721
12444,Jewett,Greene,555
12446,Kerhonkson,Ulster,4683
12448,Lake Hill,Ulster,387
12449,Lake Katrine,Ulster,3208
12450,Lanesville,Greene,139
12451,Leeds,Greene,1425
12452,Lexington,Greene,253
12453,Malden On Hudson,Ulster,345
12454,Maplecrest,Greene,380
12455,Margaretville,Delaware,1553
12456,Mount Marion,Ulster,968
12457,Mount Tremper,Ulster,911
12458,Napanoch,Ulster,3223
12459,New Kingston,Delaware,174
12460,Oak Hill,Greene,340
12461,Olivebridge,Ulster,1343
12463,Palenville,Greene,1700
12464,Phoenicia,Ulster,958
12465,Pine Hill,Ulster,301
12466,Port Ewen,Ulster,2110
12468,Prattsville,Greene,955
12469,Preston Hollow,Albany,642
12470,Purling,Greene,564
12471,Rifton,Ulster,384
12472,Rosendale,Ulster,1482
12473,Round Top,Greene,573
12474,Roxbury,Delaware,934
12475,Ruby,Ulster,373
12477,Saugerties,Ulster,17870
12480,Shandaken,Ulster,407
12481,Shokan,Ulster,1732
12482,South Cairo,Greene,612
12483,Spring Glen,Ulster,205
12484,Stone Ridge,Ulster,3318
12485,Tannersville,Greene,650
12486,Tillson,Ulster,1874
12487,Ulster Park,Ulster,3370
12489,Wawarsing,Ulster,1055
12490,West Camp,Ulster,39
12491,West Hurley,Ulster,1660
12492,West Kill,Greene,90
12493,West Park,Ulster,163
12494,West Shokan,Ulster,762
12495,Willow,Ulster,85
12496,Windham,Greene,1516
12498,Woodstock,Ulster,4713
12501,Amenia,Dutchess,2158
12502,Ancram,Columbia,1224
12503,Ancramdale,Columbia,617
12504,Annandale On Hudson,Dutchess,1490
12507,Barrytown,Dutchess,210
12508,Beacon,Dutchess,19812
12512,Chelsea,Dutchess,244
12513,Claverack,Columbia,431
12514,Clinton Corners,Dutchess,2772
12515,Clintondale,Ulster,1657
12516,Copake,Columbia,1882
12517,Copake Falls,Columbia,391
12518,Cornwall,Orange,5861
12520,Cornwall On Hudson,Orange,2970
12521,Craryville,Columbia,1522
12522,Dover Plains,Dutchess,4918
12523,Elizaville,Columbia,1810
12524,Fishkill,Dutchess,15608
12525,Gardiner,Ulster,2966
12526,Germantown,Columbia,3530
12527,Glenham,Dutchess,0
12528,Highland,Ulster,12767
12529,Hillsdale,Columbia,1919
12530,Hollowville,Columbia,47
12531,Holmes,Dutchess,2645
12533,Hopewell Junction,Dutchess,26361
12534,Hudson,Columbia,17814
12538,Hyde Park,Dutchess,14566
12540,Lagrangeville,Dutchess,8882
12542,Marlboro,Ulster,5684
12543,Maybrook,Orange,3586
12545,Millbrook,Dutchess,4517
12546,Millerton,Dutchess,2824
12547,Milton,Ulster,2810
12548,Modena,Ulster,1133
12549,Montgomery,Orange,11453
12550,Newburgh,Orange,54503
12553,New Windsor,Orange,26665
12561,New Paltz,Ulster,18224
12563,Patterson,Putnam,7579
12564,Pawling,Dutchess,7710
12565,Philmont,Columbia,997
12566,Pine Bush,Orange,11886
12567,Pine Plains,Dutchess,2608
12569,Pleasant Valley,Dutchess,9838
12570,Poughquag,Dutchess,6772
12571,Red Hook,Dutchess,10037
12572,Rhinebeck,Dutchess,8961
12574,Rhinecliff,Dutchess,502
12575,Rock Tavern,Orange,1930
12577,Salisbury Mills,Orange,1929
12578,Salt Point,Dutchess,2100
12580,Staatsburg,Dutchess,4359
12581,Stanfordville,Dutchess,2231
12582,Stormville,Dutchess,6213
12583,Tivoli,Dutchess,2160
12585,Verbank,Dutchess,928
12586,Walden,Orange,11774
12589,Wallkill,Ulster,17843
12590,Wappingers Falls,Dutchess,34823
12592,Wassaic,Dutchess,1671
12594,Wingdale,Dutchess,4150
12601,Poughkeepsie,Dutchess,41037
12603,Poughkeepsie,Dutchess,42140
12604,Poughkeepsie,Dutchess,594
12701,Monticello,Sullivan,11278
12719,Barryville,Sullivan,1229
12720,Bethel,Sullivan,109
12721,Bloomingburg,Sullivan,5881
12722,Burlingham,Sullivan,21
12723,Callicoon,Sullivan,1561
12724,Callicoon Center,Sullivan,246
12725,Claryville,Sullivan,147
12726,Cochecton,Sullivan,1440
12729,Cuddebackville,Orange,1650
12732,Eldred,Sullivan,753
12733,Fallsburg,Sullivan,1129
12734,Ferndale,Sullivan,828
12736,Fremont Center,Sullivan,90
12737,Glen Spey,Sullivan,1800
12738,Glen Wild,Sullivan,322
12740,Grahamsville,Sullivan,1927
12741,Hankins,Sullivan,175
12742,Harris,Sullivan,74
12743,Highland Lake,Sullivan,391
12745,Hortonville,Sullivan,247
12746,Huguenot,Orange,663
12747,Hurleyville,Sullivan,2072
12748,Jeffersonville,Sullivan,2042
12749,Kauneonga Lake,Sullivan,393
12750,Kenoza Lake,Sullivan,233
12751,Kiamesha Lake,Sullivan,1019
12752,Lake Huntington,Sullivan,296
12754,Liberty,Sullivan,7142
12758,Livingston Manor,Sullivan,3699
12759,Loch Sheldrake,Sullivan,2443
12760,Long Eddy,Sullivan,478
12762,Mongaup Valley,Sullivan,783
12763,Mountain Dale,Sullivan,684
12764,Narrowsburg,Sullivan,1770
12765,Neversink,Sullivan,937
12766,North Branch,Sullivan,248
12767,Obernburg,Sullivan,250
12768,Parksville,Sullivan,930
12769,Phillipsport,Sullivan,229
12770,Pond Eddy,Sullivan,248
12771,Port Jervis,Orange,14408
12775,Rock Hill,Sullivan,2151
12776,Roscoe,Sullivan,2361
12777,Forestburgh,Sullivan,863
12778,Smallwood,Sullivan,500
12779,South Fallsburg,Sullivan,1701
12780,Sparrow Bush,Orange,2165
12781,Summitville,Sullivan,242
12783,Swan Lake,Sullivan,1605
12784,Thompsonville,Sullivan,36
12785,Westbrookville,Sullivan,1390
12786,White Lake,Sullivan,336
12787,White Sulphur Springs,Sullivan,278
12788,Woodbourne,Sullivan,2909
12789,Woodridge,Sullivan,2009
12790,Wurtsboro,Sullivan,3933
12791,Youngsville,Sullivan,745
12792,Yulan,Sullivan,106
12801,Glens Falls,Warren,14330
12803,South Glens Falls,Saratoga,8317
12804,Queensbury,Warren,26112
12808,Adirondack,Warren,243
12809,Argyle,Washington,3751
12810,Athol,Warren,630
12811,Bakers Mills,Warren,108
12812,Blue Mountain Lake,Hamilton,214
12814,Bolton Landing,Warren,1259
12815,Brant Lake,Warren,1027
12816,Cambridge,Washington,4642
12817,Chestertown,Warren,2243
12819,Clemons,Washington,236
12821,Comstock,Washington,2839
12822,Corinth,Saratoga,5962
12823,Cossayuna,Washington,527
12824,Diamond Point,Warren,946
12827,Fort Ann,Washington,3455
12828,Fort Edward,Washington,9690
12831,Gansevoort,Saratoga,17389
12832,Granville,Washington,6500
12833,Greenfield Center,Saratoga,4544
12834,Greenwich,Washington,6101
12835,Hadley,Saratoga,2530
12836,Hague,Warren,605
12837,Hampton,Washington,1140
12838,Hartford,Washington,638
12839,Hudson Falls,Washington,13011
12841,Huletts Landing,Washington,148
12842,Indian Lake,Hamilton,765
12843,Johnsburg,Warren,482
12844,Kattskill Bay,Warren,292
12845,Lake George,Warren,4610
12846,Lake Luzerne,Warren,3248
12847,Long Lake,Hamilton,400
12849,Middle Granville,Washington,303
12850,Middle Grove,Saratoga,2866
12851,Minerva,Essex,353
12852,Newcomb,Essex,344
12853,North Creek,Warren,1834
12855,North Hudson,Essex,244
12856,North River,Warren,291
12857,Olmstedville,Essex,684
12858,Paradox,Essex,107
12859,Porter Corners,Saratoga,2425
12860,Pottersville,Warren,480
12861,Putnam Station,Washington,530
12862,Riparius,Warren,0
12863,Rock City Falls,Saratoga,880
12864,Sabael,Hamilton,13
12865,Salem,Washington,3470
12866,Saratoga Springs,Saratoga,38732
12870,Schroon Lake,Essex,1736
12871,Schuylerville,Saratoga,4361
12872,Severance,Essex,91
12873,Shushan,Washington,875
12874,Silver Bay,Warren,173
12878,Stony Creek,Warren,663
12883,Ticonderoga,Essex,4790
12884,Victory Mills,Saratoga,593
12885,Warrensburg,Warren,4437
12886,Wevertown,Warren,273
12887,Whitehall,Washington,4857
12901,Plattsburgh,Clinton,33048
12903,Plattsburgh,Clinton,1306
12910,Altona,Clinton,2190
12911,Keeseville,Clinton,0
12912,Au Sable Forks,Clinton,1903
12913,Bloomingdale,Essex,1059
12914,Bombay,Franklin,891
12916,Brushton,Franklin,2436
12917,Burke,Franklin,1344
12918,Cadyville,Clinton,2641
12919,Champlain,Clinton,2805
12920,Chateaugay,Franklin,2387
12921,Chazy,Clinton,2835
12922,Childwold,St. Lawrence,32
12923,Churubusco,Clinton,555
12924,Keeseville,Clinton,59
12926,Constable,Franklin,2380
12927,Cranberry Lake,St. Lawrence,276
12928,Crown Point,Essex,2029
12929,Dannemora,Clinton,4103
12930,Dickinson Center,Franklin,815
12932,Elizabethtown,Essex,1210
12933,Ellenburg,Clinton,65
12934,Ellenburg Center,Clinton,1059
12935,Ellenburg Depot,Clinton,1428
12936,Essex,Essex,420
12937,Fort Covington,Franklin,1880
12939,Gabriels,Franklin,155
12941,Jay,Essex,1402
12942,Keene,Essex,663
12943,Keene Valley,Essex,314
12944,Keeseville,Essex,3683
12945,Lake Clear,Franklin,449
12946,Lake Placid,Essex,4819
12950,Lewis,Essex,674
12952,Lyon Mountain,Clinton,305
12953,Malone,Franklin,15469
12955,Lyon Mountain,Clinton,366
12956,Mineville,Essex,1180
12957,Moira,Franklin,1559
12958,Mooers,Clinton,2020
12959,Mooers Forks,Clinton,1474
12960,Moriah,Essex,635
12961,Moriah Center,Essex,243
12962,Morrisonville,Clinton,5084
12964,New Russia,Essex,67
12965,Nicholville,St. Lawrence,537
12966,North Bangor,Franklin,2732
12967,North Lawrence,St. Lawrence,1035
12969,Owls Head,Franklin,347
12970,Paul Smiths,Franklin,839
12972,Peru,Clinton,6611
12973,Piercefield,St. Lawrence,104
12974,Port Henry,Essex,2152
12975,Port Kent,Essex,217
12976,Rainbow Lake,Franklin,228
12977,Ray Brook,Essex,1763
12978,Redford,Clinton,258
12979,Rouses Point,Clinton,2435
12980,Saint Regis Falls,Franklin,1053
12981,Saranac,Clinton,2401
12983,Saranac Lake,Franklin,7719
12985,Schuyler Falls,Clinton,994
12986,Tupper Lake,Franklin,5928
12987,Upper Jay,Essex,242
12989,Vermontville,Franklin,1114
12992,West Chazy,Clinton,3565
12993,Westport,Essex,1486
12996,Willsboro,Essex,2084
12997,Wilmington,Essex,1067
12998,Witherbee,Essex,313
13020,Apulia Station,Onondaga,75
13021,Auburn,Cayuga,37528
13024,Auburn,Cayuga,1671
13026,Aurora,Cayuga,1705
13027,Baldwinsville,Onondaga,33937
13028,Bernhards Bay,Oswego,926
13029,Brewerton,Onondaga,7360
13030,Bridgeport,Onondaga,3470
13031,Camillus,Onondaga,15484
13032,Canastota,Madison,12522
13033,Cato,Cayuga,3807
13034,Cayuga,Cayuga,1925
13035,Cazenovia,Madison,8707
13036,Central Square,Oswego,9632
13037,Chittenango,Madison,9775
13039,Cicero,Onondaga,17078
13040,Cincinnatus,Cortland,2370
13041,Clay,Onondaga,11808
13042,Cleveland,Oswego,2383
13044,Constantia,Oswego,2742
13045,Cortland,Cortland,28975
13051,Delphi Falls,Onondaga,135
13052,De Ruyter,Madison,1626
13053,Dryden,Tompkins,4861
13054,Durhamville,Oneida,1500
13057,East Syracuse,Onondaga,13126
13060,Elbridge,Onondaga,3050
13061,Erieville,Madison,877
13062,Etna,Tompkins,37
13063,Fabius,Onondaga,1827
13064,Fair Haven,Oswego,198
13066,Fayetteville,Onondaga,12443
13068,Freeville,Tompkins,5184
13069,Fulton,Oswego,24111
13071,Genoa,Cayuga,934
13072,Georgetown,Madison,884
13073,Groton,Tompkins,6729
13074,Hannibal,Oswego,4230
13076,Hastings,Oswego,2037
13077,Homer,Cortland,6462
13078,Jamesville,Onondaga,10940
13080,Jordan,Onondaga,3227
13081,King Ferry,Cayuga,1203
13082,Kirkville,Onondaga,4201
13083,Lacona,Oswego,2027
13084,La Fayette,Onondaga,3814
13087,Little York,Cortland,243
13088,Liverpool,Onondaga,20926
13090,Liverpool,Onondaga,29017
13092,Locke,Cayuga,2484
13101,Mc Graw,Cortland,2448
13102,Mc Lean,Tompkins,74
13103,Mallory,Oswego,226
13104,Manlius,Onondaga,16038
13108,Marcellus,Onondaga,6193
13110,Marietta,Onondaga,2198
13111,Martville,Cayuga,1769
13112,Memphis,Onondaga,1683
13113,Meridian,Cayuga,258
13114,Mexico,Oswego,6594
13115,Minetto,Oswego,238
13116,Minoa,Onondaga,3447
13117,Montezuma,Cayuga,289
13118,Moravia,Cayuga,6130
13120,Nedrow,Onondaga,2092
13122,New Woodstock,Madison,1181
13123,North Bay,Oneida,485
13124,North Pitcher,Chenango,99
13126,Oswego,Oswego,35369
13131,Parish,Oswego,3317
13132,Pennellville,Oswego,3557
13134,Peterboro,Madison,187
13135,Phoenix,Oswego,5939
13136,Pitcher,Chenango,360
13138,Pompey,Onondaga,121
13140,Port Byron,Cayuga,4534
13141,Preble,Cortland,510
13142,Pulaski,Oswego,6486
13143,Red Creek,Wayne,2300
13144,Richland,Oswego,1608
13145,Sandy Creek,Oswego,1410
13146,Savannah,Wayne,2433
13147,Scipio Center,Cayuga,1031
13148,Seneca Falls,Seneca,10648
13152,Skaneateles,Onondaga,7841
13153,Skaneateles Falls,Onondaga,469
13155,South Otselic,Chenango,491
13156,Sterling,Cayuga,1757
13157,Sylvan Beach,Oneida,489
13158,Truxton,Cortland,1772
13159,Tully,Onondaga,5303
13160,Union Springs,Cayuga,2242
13162,Verona Beach,Oneida,248
13163,Wampsville,Madison,462
13164,Warners,Onondaga,2607
13165,Waterloo,Seneca,9905
13166,Weedsport,Cayuga,5465
13167,West Monroe,Oswego,2756
13202,Syracuse,Onondaga,6943
13203,Syracuse,Onondaga,16876
13204,Syracuse,Onondaga,19264
13205,Syracuse,Onondaga,16746
13206,Syracuse,Onondaga,16837
13207,Syracuse,Onondaga,12552
13208,Syracuse,Onondaga,22560
13209,Syracuse,Onondaga,12364
13210,Syracuse,Onondaga,27172
13211,Syracuse,Onondaga,6117
13212,Syracuse,Onondaga,21557
13214,Syracuse,Onondaga,8392
13215,Syracuse,Onondaga,14306
13219,Syracuse,Onondaga,14819
13224,Syracuse,Onondaga,8486
13290,Syracuse,Onondaga,0
13301,Alder Creek,Oneida,198
13302,Altmar,Oswego,1483
13303,Ava,Oneida,1454
13304,Barneveld,Oneida,1726
13305,Beaver Falls,Lewis,204
13308,Blossvale,Oneida,3867
13309,Boonville,Oneida,5672
13310,Bouckville,Madison,828
13312,Brantingham,Lewis,332
13313,Bridgewater,Oneida,451
13314,Brookfield,Madison,232
13315,Burlington Flats,Otsego,1471
13316,Camden,Oneida,6168
13317,Canajoharie,Montgomery,3847
13318,Cassville,Oneida,1300
13319,Chadwicks,Oneida,761
13320,Cherry Valley,Otsego,2119
13321,Clark Mills,Oneida,639
13322,Clayville,Oneida,888
13323,Clinton,Oneida,11585
13324,Cold Brook,Herkimer,2195
13325,Constableville,Lewis,955
13326,Cooperstown,Otsego,5165
13327,Croghan,Lewis,1762
13328,Deansboro,Oneida,1622
13329,Dolgeville,Herkimer,4211
13331,Eagle Bay,Herkimer,61
13332,Earlville,Chenango,2823
13333,East Springfield,Otsego,35
13334,Eaton,Madison,1083
13335,Edmeston,Otsego,1386
13337,Fly Creek,Otsego,628
13338,Forestport,Oneida,1263
13339,Fort Plain,Montgomery,6382
13340,Frankfort,Herkimer,8023
13341,Franklin Springs,Oneida,171
13342,Garrattsville,Otsego,229
13343,Glenfield,Lewis,1572
13345,Greig,Lewis,150
13346,Hamilton,Madison,6225
13348,Hartwick,Otsego,1381
13350,Herkimer,Herkimer,9727
13352,Hinckley,Oneida,10
13353,Hoffmeister,Hamilton,17
13354,Holland Patent,Oneida,3777
13355,Hubbardsville,Madison,1440
13357,Ilion,Herkimer,10748
13360,Inlet,Hamilton,134
13361,Jordanville,Herkimer,872
13362,Knoxboro,Oneida,129
13363,Lee Center,Oneida,2358
13364,Leonardsville,Madison,222
13365,Little Falls,Herkimer,8472
13367,Lowville,Lewis,8893
13368,Lyons Falls,Lewis,1184
13402,Madison,Madison,1441
13403,Marcy,Oneida,7485
13404,Martinsburg,Lewis,130
13406,Middleville,Herkimer,865
13407,Mohawk,Herkimer,4830
13408,Morrisville,Madison,3584
13409,Munnsville,Madison,2255
13410,Nelliston,Montgomery,350
13411,New Berlin,Chenango,3092
13413,New Hartford,Oneida,15750
13415,New Lisbon,Otsego,25
13416,Newport,Herkimer,2079
13417,New York Mills,Oneida,3066
13418,North Brookfield,Madison,268
13420,Old Forge,Herkimer,1064
13421,Oneida,Madison,13230
13424,Oriskany,Oneida,2375
13425,Oriskany Falls,Oneida,2143
13428,Palatine Bridge,Montgomery,1668
13431,Poland,Herkimer,1902
13433,Port Leyden,Lewis,1657
13435,Prospect,Oneida,347
13436,Raquette Lake,Hamilton,42
13437,Redfield,Oswego,326
13438,Remsen,Oneida,2944
13439,Richfield Springs,Otsego,3720
13440,Rome,Oneida,41342
13441,Rome,Oneida,197
13450,Roseboom,Otsego,85
13452,Saint Johnsville,Montgomery,4671
13454,Salisbury Center,Herkimer,800
13456,Sauquoit,Oneida,4039
13459,Sharon Springs,Schoharie,2343
13460,Sherburne,Chenango,4122
13461,Sherrill,Oneida,2987
13464,Smyrna,Chenango,1368
13468,Springfield Center,Otsego,478
13469,Stittville,Oneida,1238
13470,Stratford,Fulton,665
13471,Taberg,Oneida,3045
13472,Thendara,Herkimer,79
13473,Turin,Lewis,958
13475,Van Hornesville,Herkimer,13
13476,Vernon,Oneida,3617
13477,Vernon Center,Oneida,1029
13478,Verona,Oneida,3257
13480,Waterville,Oneida,3235
13483,Westdale,Oneida,317
13484,West Eaton,Madison,174
13485,West Edmeston,Otsego,1231
13486,Westernville,Oneida,701
13488,Westford,Otsego,103
13489,West Leyden,Lewis,538
13490,Westmoreland,Oneida,1606
13491,West Winfield,Herkimer,3330
13492,Whitesboro,Oneida,11118
13493,Williamstown,Oswego,2318
13494,Woodgate,Oneida,240
13495,Yorkville,Oneida,2035
13501,Utica,Oneida,37132
13502,Utica,Oneida,32437
13601,Watertown,Jefferson,36982
13602,Fort Drum,Jefferson,4383
13603,Watertown,Jefferson,9274
13605,Adams,Jefferson,5173
13606,Adams Center,Jefferson,2456
13607,Alexandria Bay,Jefferson,1445
13608,Antwerp,Jefferson,1698
13612,Black River,Jefferson,2233
13613,Brasher Falls,St. Lawrence,2698
13614,Brier Hill,St. Lawrence,355
13615,Brownville,Jefferson,905
13616,Calcium,Jefferson,2202
13617,Canton,St. Lawrence,11556
13618,Cape Vincent,Jefferson,1525
13619,Carthage,Jefferson,10439
13620,Castorland,Lewis,2592
13621,Chase Mills,St.Lawrence,494
13622,Chaumont,Jefferson,2138
13623,Chippewa Bay,St. Lawrence,13
13624,Clayton,Jefferson,5297
13625,Colton,St. Lawrence,1470
13626,Copenhagen,Lewis,2271
13628,Deferiet,Jefferson,211
13630,De Kalb Junction,St. Lawrence,1515
13633,De Peyster,St. Lawrence,249
13634,Dexter,Jefferson,3706
13635,Edwards,St. Lawrence,1108
13636,Ellisburg,Jefferson,237
13637,Evans Mills,Jefferson,3720
13638,Felts Mills,Jefferson,401
13639,Fine,St. Lawrence,172
13640,Wellesley Island,Jefferson,272
13641,Fishers Landing,Jefferson,38
13642,Gouverneur,St. Lawrence,10055
13643,Great Bend,Jefferson,30
13646,Hammond,St. Lawrence,1879
13647,Hannawa Falls,St. Lawrence,89
13648,Harrisville,Lewis,2056
13650,Henderson,Jefferson,1559
13651,Henderson Harbor,Jefferson,112
13652,Hermon,St. Lawrence,1544
13654,Heuvelton,St. Lawrence,2603
13655,Hogansburg,Franklin,3418
13656,La Fargeville,Jefferson,2834
13658,Lisbon,St. Lawrence,2414
13659,Lorraine,Jefferson,382
13660,Madrid,St. Lawrence,1641
13661,Mannsville,Jefferson,1609
13662,Massena,St. Lawrence,16179
13664,Morristown,St. Lawrence,348
13665,Natural Bridge,Jefferson,626
13666,Newton Falls,St. Lawrence,240
13667,Norfolk,St. Lawrence,2781
13668,Norwood,St. Lawrence,3196
13669,Ogdensburg,St. Lawrence,15870
13670,Oswegatchie,St. Lawrence,476
13672,Parishville,St. Lawrence,439
13673,Philadelphia,Jefferson,2231
13674,Pierrepont Manor,Jefferson,191
13675,Plessis,Jefferson,250
13676,Potsdam,St. Lawrence,16754
13677,Pyrites,St. Lawrence,6
13678,Raymondville,St. Lawrence,330
13679,Redwood,Jefferson,1686
13680,Rensselaer Falls,St. Lawrence,1643
13681,Richville,St. Lawrence,1149
13682,Rodman,Jefferson,654
13684,Russell,St. Lawrence,842
13685,Sackets Harbor,Jefferson,2238
13687,South Colton,St. Lawrence,458
13690,Star Lake,St. Lawrence,569
13691,Theresa,Jefferson,3016
13692,Thousand Island Park,Jefferson,155
13693,Three Mile Bay,Jefferson,408
13694,Waddington,St. Lawrence,1328
13695,Wanakena,St. Lawrence,152
13696,West Stockholm,St. Lawrence,87
13697,Winthrop,St. Lawrence,1776
13730,Afton,Chenango,2630
13731,Andes,Delaware,946
13732,Apalachin,Tioga,7602
13733,Bainbridge,Chenango,5112
13734,Barton,Tioga,1828
13736,Berkshire,Tioga,2086
13739,Bloomville,Delaware,783
13740,Bovina Center,Delaware,483
13743,Candor,Tioga,3630
13744,Castle Creek,Broome,1307
13746,Chenango Forks,Broome,1578
13748,Conklin,Broome,3766
13750,Davenport,Delaware,788
13751,Davenport Center,Delaware,189
13752,De Lancey,Delaware,886
13753,Delhi,Delaware,5511
13754,Deposit,Broome,2883
13755,Downsville,Delaware,982
13756,East Branch,Delaware,431
13757,East Meredith,Delaware,1396
13760,Endicott,Broome,42103
13774,Fishs Eddy,Delaware,198
13775,Franklin,Delaware,1780
13776,Gilbertsville,Otsego,507
13777,Glen Aubrey,Broome,433
13778,Greene,Chenango,5458
13780,Guilford,Chenango,708
13782,Hamden,Delaware,824
13783,Hancock,Delaware,2659
13784,Harford,Cortland,215
13786,Harpersfield,Delaware,464
13787,Harpursville,Broome,3039
13788,Hobart,Delaware,899
13790,Johnson City,Broome,17763
13794,Killawog,Broome,75
13795,Kirkwood,Broome,3093
13796,Laurens,Otsego,1063
13797,Lisle,Broome,2262
13801,Mc Donough,Chenango,1457
13802,Maine,Broome,964
13803,Marathon,Cortland,4131
13804,Masonville,Delaware,332
13806,Meridale,Delaware,224
13807,Milford,Otsego,1214
13808,Morris,Otsego,1524
13809,Mount Upton,Chenango,1761
13810,Mount Vision,Otsego,1362
13811,Newark Valley,Tioga,3988
13812,Nichols,Tioga,2258
13813,Nineveh,Broome,1368
13815,Norwich,Chenango,12901
13820,Oneonta,Otsego,22157
13825,Otego,Otsego,2888
13826,Ouaquaga,Broome,0
13827,Owego,Tioga,11538
13830,Oxford,Chenango,5119
13832,Plymouth,Chenango,563
13833,Port Crane,Broome,3890
13834,Portlandville,Otsego,279
13835,Richford,Tioga,1310
13838,Sidney,Delaware,3873
13839,Sidney Center,Delaware,1251
13841,Smithville Flats,Chenango,561
13842,South Kortright,Delaware,627
13843,South New Berlin,Chenango,2241
13844,South Plymouth,Chenango,674
13845,Tioga Center,Tioga,147
13846,Treadwell,Delaware,475
13847,Trout Creek,Delaware,58
13849,Unadilla,Otsego,4449
13850,Vestal,Broome,22392
13856,Walton,Delaware,5999
13859,Wells Bridge,Otsego,99
13860,West Davenport,Delaware,22
13861,West Oneonta,Otsego,379
13862,Whitney Point,Broome,4053
13863,Willet,Cortland,681
13864,Willseyville,Tioga,1181
13865,Windsor,Broome,6203
13901,Binghamton,Broome,18786
13902,Binghamton,Broome,6162
13903,Binghamton,Broome,17905
13904,Binghamton,Broome,9789
13905,Binghamton,Broome,26151
14001,Akron,Erie,9324
14004,Alden,Erie,12240
14005,Alexander,Genesee,2312
14006,Angola,Erie,9823
14008,Appleton,Niagara,1547
14009,Arcade,Wyoming,5625
14011,Attica,Wyoming,8864
14012,Barker,Niagara,2374
14013,Basom,Genesee,1680
14020,Batavia,Genesee,22060
14024,Bliss,Wyoming,1408
14025,Boston,Erie,3784
14026,Bowmansville,Erie,568
14028,Burt,Niagara,1571
14030,Chaffee,Erie,1882
14031,Clarence,Erie,10158
14032,Clarence Center,Erie,10084
14033,Colden,Erie,1344
14034,Collins,Erie,2428
14035,Collins Center,Erie,127
14036,Corfu,Genesee,5588
14037,Cowlesville,Wyoming,897
14039,Dale,Wyoming,57
14040,Darien Center,Genesee,1719
14041,Dayton,Cattaraugus,180
14042,Delevan,Cattaraugus,4359
14043,Depew,Erie,25058
14047,Derby,Erie,6525
14048,Dunkirk,Chautauqua,14414
14051,East Amherst,Erie,19178
14052,East Aurora,Erie,17664
14054,East Bethany,Genesee,1554
14055,East Concord,Erie,1337
14057,Eden,Erie,8192
14058,Elba,Genesee,2160
14059,Elma,Erie,10446
14060,Farmersville Station,Cattaraugus,478
14061,Farnham,Erie,345
14062,Forestville,Chautauqua,3331
14063,Fredonia,Chautauqua,13891
14065,Freedom,Cattaraugus,1705
14066,Gainesville,Wyoming,1188
14067,Gasport,Niagara,4971
14068,Getzville,Erie,7169
14069,Glenwood,Erie,642
14070,Gowanda,Cattaraugus,6958
14072,Grand Island,Erie,21287
14075,Hamburg,Erie,42958
14080,Holland,Erie,4323
14081,Irving,Chautauqua,2844
14082,Java Center,Wyoming,498
14085,Lake View,Erie,7605
14086,Lancaster,Erie,32653
14091,Lawtons,Erie,1422
14092,Lewiston,Niagara,10819
14094,Lockport,Niagara,49792
14098,Lyndonville,Orleans,3028
14101,Machias,Cattaraugus,1718
14102,Marilla,Erie,1367
14103,Medina,Orleans,10448
14105,Middleport,Niagara,4745
14108,Newfane,Niagara,5196
14109,Niagara University,Niagara,1089
14111,North Collins,Erie,3146
14112,North Evans,Erie,118
14113,North Java,Wyoming,488
14120,North Tonawanda,Niagara,43738
14125,Oakfield,Genesee,3514
14126,Olcott,Niagara,661
14127,Orchard Park,Erie,29964
14129,Perrysburg,Cattaraugus,1519
14130,Pike,Wyoming,231
14131,Ransomville,Niagara,5056
14132,Sanborn,Niagara,5999
14134,Sardinia,Erie,99
14135,Sheridan,Chautauqua,95
14136,Silver Creek,Chautauqua,4574
14138,South Dayton,Cattaraugus,1786
14139,South Wales,Erie,2020
14141,Springville,Erie,7534
14143,Stafford,Genesee,938
14145,Strykersville,Wyoming,1456
14150,Tonawanda,Erie,41144
14167,Varysburg,Wyoming,1788
14168,Versailles,Cattaraugus,29
14169,Wales Center,Erie,99
14170,West Falls,Erie,2350
14171,West Valley,Cattaraugus,2029
14172,Wilson,Niagara,2781
14173,Yorkshire,Cattaraugus,166
14174,Youngstown,Niagara,5843
14201,Buffalo,Erie,11192
14202,Buffalo,Erie,3749
14203,Buffalo,Erie,1819
14204,Buffalo,Erie,8003
14206,Buffalo,Erie,20064
14207,Buffalo,Erie,23773
14208,Buffalo,Erie,10346
14209,Buffalo,Erie,7807
14210,Buffalo,Erie,14148
14211,Buffalo,Erie,22206
14212,Buffalo,Erie,10973
14213,Buffalo,Erie,22132
14214,Buffalo,Erie,19754
14215,Buffalo,Erie,41340
14216,Buffalo,Erie,21464
14217,Buffalo,Erie,23017
14218,Buffalo,Erie,18935
14219,Buffalo,Erie,11391
14220,Buffalo,Erie,22641
14221,Buffalo,Erie,53727
14222,Buffalo,Erie,15103
14223,Buffalo,Erie,21734
14224,Buffalo,Erie,40903
14225,Buffalo,Erie,33360
14226,Buffalo,Erie,29920
14227,Buffalo,Erie,20540
14228,Buffalo,Erie,23406
14261,Buffalo,Erie,5557
14301,Niagara Falls,Niagara,11838
14302,Niagara Falls,Niagara,255
14303,Niagara Falls,Niagara,5652
14304,Niagara Falls,Niagara,29001
14305,Niagara Falls,Niagara,17026
14411,Albion,Orleans,13671
14414,Avon,Livingston,6797
14415,Bellona,Yates,124
14416,Bergen,Genesee,3611
14418,Branchport,Yates,932
14420,Brockport,Monroe,21124
14422,Byron,Genesee,2074
14423,Caledonia,Livingston,4479
14424,Canandaigua,Ontario,28055
14425,Farmington,Ontario,12230
14427,Castile,Wyoming,2073
14428,Churchville,Monroe,7278
14432,Clifton Springs,Ontario,5277
14433,Clyde,Wayne,3920
14435,Conesus,Livingston,2327
14437,Dansville,Livingston,11274
14441,Dresden,Yates,301
14445,East Rochester,Monroe,7761
14450,Fairport,Monroe,42513
14454,Geneseo,Livingston,11237
14456,Geneva,Ontario,19539
14462,Groveland,Livingston,718
14464,Hamlin,Monroe,7419
14466,Hemlock,Livingston,1526
14467,Henrietta,Monroe,9909
14468,Hilton,Monroe,17994
14469,Bloomfield,Ontario,5646
14470,Holley,Orleans,7331
14471,Honeoye,Ontario,2385
14472,Honeoye Falls,Monroe,9271
14475,Ionia,Ontario,287
14476,Kendall,Orleans,2270
14477,Kent,Orleans,1460
14478,Keuka Park,Yates,1577
14479,Knowlesville,Orleans,140
14480,Lakeville,Livingston,904
14481,Leicester,Livingston,1906
14482,Le Roy,Genesee,8230
14485,Lima,Livingston,3976
14486,Linwood,Genesee,462
14487,Livonia,Livingston,5997
14489,Lyons,Wayne,7065
14502,Macedon,Wayne,10551
14504,Manchester,Ontario,1593
14505,Marion,Wayne,5277
14506,Mendon,Monroe,939
14507,Middlesex,Yates,894
14510,Mount Morris,Livingston,4571
14511,Mumford,Monroe,399
14512,Naples,Ontario,4542
14513,Newark,Wayne,13749
14514,North Chili,Monroe,6293
14516,North Rose,Wayne,2338
14517,Nunda,Livingston,2846
14519,Ontario,Wayne,11537
14521,Ovid,Seneca,3077
14522,Palmyra,Wayne,9559
14525,Pavilion,Genesee,2524
14526,Penfield,Monroe,19001
14527,Penn Yan,Yates,12835
14529,Perkinsville,Steuben,12
14530,Perry,Wyoming,5500
14532,Phelps,Ontario,3998
14533,Piffard,Livingston,2254
14534,Pittsford,Monroe,31975
14536,Portageville,Wyoming,599
14537,Port Gibson,Ontario,160
14539,Retsof,Livingston,60
14541,Romulus,Seneca,4584
14542,Rose,Wayne,80
14543,Rush,Monroe,3145
14544,Rushville,Yates,2280
14545,Scottsburg,Livingston,227
14546,Scottsville,Monroe,4614
14548,Shortsville,Ontario,4132
14549,Silver Lake,Wyoming,65
14550,Silver Springs,Wyoming,1256
14551,Sodus,Wayne,5392
14555,Sodus Point,Wayne,1048
14559,Spencerport,Monroe,18584
14560,Springwater,Livingston,2320
14561,Stanley,Ontario,2815
14564,Victor,Ontario,15359
14568,Walworth,Wayne,6241
14569,Warsaw,Wyoming,5910
14571,Waterport,Orleans,1314
14572,Wayland,Steuben,5017
14580,Webster,Monroe,53593
14585,West Bloomfield,Ontario,50
14586,West Henrietta,Monroe,11848
14588,Willard,Seneca,191
14589,Williamson,Wayne,7502
14590,Wolcott,Wayne,5420
14591,Wyoming,Wyoming,1556
14592,York,Livingston,48
14604,Rochester,Monroe,2536
14605,Rochester,Monroe,11457
14606,Rochester,Monroe,27711
14607,Rochester,Monroe,16880
14608,Rochester,Monroe,11260
14609,Rochester,Monroe,40081
14610,Rochester,Monroe,13373
14611,Rochester,Monroe,17429
14612,Rochester,Monroe,34316
14613,Rochester,Monroe,15375
14614,Rochester,Monroe,1151
14615,Rochester,Monroe,16812
14616,Rochester,Monroe,26935
14617,Rochester,Monroe,21985
14618,Rochester,Monroe,23252
14619,Rochester,Monroe,13788
14620,Rochester,Monroe,23912
14621,Rochester,Monroe,33757
14622,Rochester,Monroe,12906
14623,Rochester,Monroe,24720
14624,Rochester,Monroe,37873
14625,Rochester,Monroe,10051
14626,Rochester,Monroe,29941
14627,Rochester,Monroe,2280
14701,Jamestown,Chautauqua,39214
14706,Allegany,Cattaraugus,6110
14707,Allentown,Allegany,90
14708,Alma,Allegany,239
14709,Angelica,Allegany,1421
14710,Ashville,Chautauqua,3244
14711,Belfast,Allegany,1874
14712,Bemus Point,Chautauqua,3051
14714,Black Creek,Allegany,604
14715,Bolivar,Allegany,2585
14716,Brocton,Chautauqua,2640
14717,Caneadea,Allegany,394
14718,Cassadaga,Chautauqua,1899
14719,Cattaraugus,Cattaraugus,3283
14720,Celoron,Chautauqua,749
14721,Ceres,Allegany,160
14722,Chautauqua,Chautauqua,214
14723,Cherry Creek,Chautauqua,1098
14724,Clymer,Chautauqua,2723
14726,Conewango Valley,Cattaraugus,1980
14727,Cuba,Allegany,5385
14728,Dewittville,Chautauqua,1056
14729,East Otto,Cattaraugus,990
14731,Ellicottville,Cattaraugus,1291
14732,Ellington,Chautauqua,180
14733,Falconer,Chautauqua,3655
14735,Fillmore,Allegany,2900
14736,Findley Lake,Chautauqua,188
14737,Franklinville,Cattaraugus,4272
14738,Frewsburg,Chautauqua,3319
14739,Friendship,Allegany,2421
14740,Gerry,Chautauqua,1032
14741,Great Valley,Cattaraugus,1796
14742,Greenhurst,Chautauqua,244
14743,Hinsdale,Cattaraugus,1938
14744,Houghton,Allegany,2103
14747,Kennedy,Chautauqua,2015
14748,Kill Buck,Cattaraugus,548
14750,Lakewood,Chautauqua,4277
14752,Lily Dale,Chautauqua,339
14753,Limestone,Cattaraugus,1182
14754,Little Genesee,Allegany,533
14755,Little Valley,Cattaraugus,3146
14756,Maple Springs,Chautauqua,28
14757,Mayville,Chautauqua,3371
14760,Olean,Cattaraugus,17567
14767,Panama,Chautauqua,2224
14769,Portland,Chautauqua,996
14770,Portville,Cattaraugus,2761
14772,Randolph,Cattaraugus,3995
14774,Richburg,Allegany,137
14775,Ripley,Chautauqua,2520
14777,Rushford,Allegany,673
14778,Saint Bonaventure,Cattaraugus,1349
14779,Salamanca,Cattaraugus,6537
14781,Sherman,Chautauqua,1782
14782,Sinclairville,Chautauqua,2272
14783,Steamburg,Cattaraugus,306
14784,Stockton,Chautauqua,938
14787,Westfield,Chautauqua,4759
14788,Westons Mills,Cattaraugus,28
14801,Addison,Steuben,5234
14802,Alfred,Allegany,4171
14803,Alfred Station,Allegany,782
14804,Almond,Allegany,1739
14805,Alpine,Schuyler,958
14806,Andover,Allegany,2060
14807,Arkport,Steuben,3070
14808,Atlanta,Steuben,514
14809,Avoca,Steuben,2676
14810,Bath,Steuben,11673
14812,Beaver Dams,Schuyler,3200
14813,Belmont,Allegany,2264
14814,Big Flats,Chemung,1883
14815,Bradford,Steuben,776
14816,Breesport,Chemung,544
14817,Brooktondale,Tompkins,2508
14818,Burdett,Schuyler,2029
14819,Cameron,Steuben,696
14820,Cameron Mills,Steuben,807
14821,Campbell,Steuben,3141
14822,Canaseraga,Allegany,947
14823,Canisteo,Steuben,3467
14824,Cayuta,Schuyler,639
14825,Chemung,Chemung,784
14826,Cohocton,Steuben,2271
14827,Coopers Plains,Steuben,146
14830,Corning,Steuben,19138
14836,Dalton,Livingston,931
14837,Dundee,Yates,5947
14838,Erin,Chemung,2039
14839,Greenwood,Steuben,881
14840,Hammondsport,Steuben,2730
14841,Hector,Schuyler,665
14842,Himrod,Yates,1111
14843,Hornell,Steuben,12447
14845,Horseheads,Chemung,20401
14846,Hunt,Livingston,966
14847,Interlaken,Seneca,2375
14850,Ithaca,Tompkins,64224
14853,Ithaca,Tompkins,2663
14854,Jacksonville,Tompkins,14
14855,Jasper,Steuben,785
14856,Kanona,Steuben,275
14858,Lindley,Steuben,1232
14859,Lockwood,Tioga,1076
14860,Lodi,Seneca,1132
14861,Lowman,Chemung,1153
14864,Millport,Chemung,961
14865,Montour Falls,Schuyler,2784
14867,Newfield,Tompkins,5431
14869,Odessa,Schuyler,1276
14870,Painted Post,Steuben,10202
14871,Pine City,Chemung,5081
14872,Pine Valley,Chemung,547
14873,Prattsburgh,Steuben,2328
14874,Pulteney,Steuben,260
14877,Rexville,Steuben,583
14878,Rock Stream,Yates,536
14879,Savona,Steuben,2257
14880,Scio,Allegany,1847
14881,Slaterville Springs,Tompkins,151
14882,Lansing,Tompkins,3998
14883,Spencer,Tioga,4808
14884,Swain,Allegany,284
14885,Troupsburg,Steuben,742
14886,Trumansburg,Tompkins,6490
14889,Van Etten,Chemung,1580
14891,Watkins Glen,Schuyler,4536
14892,Waverly,Tioga,7748
14893,Wayne,Schuyler,0
14894,Wellsburg,Chemung,1051
14895,Wellsville,Allegany,8957
14897,Whitesville,Allegany,772
14898,Woodhull,Steuben,1772
14901,Elmira,Chemung,15581
14903,Elmira,Chemung,7186
14904,Elmira,Chemung,15109
14905,Elmira,Chemung,8330
